-- phpMyAdmin SQL Dump
-- version 4.4.10
-- http://www.phpmyadmin.net
--
-- Host: localhost:3306
-- Generation Time: Apr 06, 2016 at 04:45 PM
-- Server version: 5.5.42
-- PHP Version: 7.0.0

SET SQL_MODE = "NO_AUTO_VALUE_ON_ZERO";
SET time_zone = "+00:00";


/*!40101 SET @OLD_CHARACTER_SET_CLIENT=@@CHARACTER_SET_CLIENT */;
/*!40101 SET @OLD_CHARACTER_SET_RESULTS=@@CHARACTER_SET_RESULTS */;
/*!40101 SET @OLD_COLLATION_CONNECTION=@@COLLATION_CONNECTION */;
/*!40101 SET NAMES utf8mb4 */;

--
-- Database: `tusker`
--

-- --------------------------------------------------------

--
-- Table structure for table `banned`
--

CREATE TABLE `banned` (
  `id` int(11) NOT NULL,
  `ip` varchar(15) NOT NULL,
  `created_at` datetime NOT NULL,
  `updated_at` datetime NOT NULL,
  `deleted_at` datetime NOT NULL,
  `created_by` int(11) NOT NULL,
  `updated_by` int(11) NOT NULL,
  `deleted_by` int(11) NOT NULL
) ENGINE=MyISAM AUTO_INCREMENT=8 DEFAULT CHARSET=utf8;

--
-- Dumping data for table `banned`
--

INSERT INTO `banned` (`id`, `ip`, `created_at`, `updated_at`, `deleted_at`, `created_by`, `updated_by`, `deleted_by`) VALUES
(2, '100.10.25.40', '2015-05-19 16:37:54', '0000-00-00 00:00:00', '0000-00-00 00:00:00', 1, 0, 0),
(3, '91.220.13.30', '2015-05-19 16:38:04', '0000-00-00 00:00:00', '0000-00-00 00:00:00', 1, 0, 0);

-- --------------------------------------------------------

--
-- Table structure for table `ci_sessions`
--

CREATE TABLE `ci_sessions` (
  `id` varchar(40) NOT NULL,
  `ip_address` varchar(45) NOT NULL,
  `timestamp` int(10) unsigned NOT NULL DEFAULT '0',
  `data` blob NOT NULL
) ENGINE=InnoDB DEFAULT CHARSET=utf8;

--
-- Dumping data for table `ci_sessions`
--

INSERT INTO `ci_sessions` (`id`, `ip_address`, `timestamp`, `data`) VALUES
('ba4b6d5224b25e30c3f19841244d15780f17f880', '::1', 1459938183, 0x5f5f63695f6c6173745f726567656e65726174657c693a313435393933383138333b6964656e746974797c733a383a226176656e69726572223b757365726e616d657c733a383a226176656e69726572223b656d61696c7c733a31393a226176656e69722e726f40676d61696c2e636f6d223b757365725f69647c733a313a2235223b6f6c645f6c6173745f6c6f67696e7c733a31303a2231343539383337343138223b67726176617461727c733a33323a223930646166373538653030653332376434316333666536616364353338633031223b706f7374616c7c613a303a7b7d),
('96ac5a010b8deed27534ad2d10275add85f89812', '::1', 1459940265, 0x5f5f63695f6c6173745f726567656e65726174657c693a313435393934303236353b6964656e746974797c733a383a226176656e69726572223b757365726e616d657c733a383a226176656e69726572223b656d61696c7c733a31393a226176656e69722e726f40676d61696c2e636f6d223b757365725f69647c733a313a2235223b6f6c645f6c6173745f6c6f67696e7c733a31303a2231343539383337343138223b67726176617461727c733a33323a223930646166373538653030653332376434316333666536616364353338633031223b706f7374616c7c613a303a7b7d),
('e338e7be0a537418064c6525d5f717a6592372d4', '::1', 1459940587, 0x5f5f63695f6c6173745f726567656e65726174657c693a313435393934303538373b6964656e746974797c733a383a226176656e69726572223b757365726e616d657c733a383a226176656e69726572223b656d61696c7c733a31393a226176656e69722e726f40676d61696c2e636f6d223b757365725f69647c733a313a2235223b6f6c645f6c6173745f6c6f67696e7c733a31303a2231343539383337343138223b67726176617461727c733a33323a223930646166373538653030653332376434316333666536616364353338633031223b706f7374616c7c613a303a7b7d),
('0ca6cf0b549be04bb980a5ca37fa5d4c174a2767', '::1', 1459940952, 0x5f5f63695f6c6173745f726567656e65726174657c693a313435393934303935323b6964656e746974797c733a383a226176656e69726572223b757365726e616d657c733a383a226176656e69726572223b656d61696c7c733a31393a226176656e69722e726f40676d61696c2e636f6d223b757365725f69647c733a313a2235223b6f6c645f6c6173745f6c6f67696e7c733a31303a2231343539383337343138223b67726176617461727c733a33323a223930646166373538653030653332376434316333666536616364353338633031223b706f7374616c7c613a303a7b7d),
('4165e2929f1a3ce3e1f5701a0e753067af9a6160', '::1', 1459941253, 0x5f5f63695f6c6173745f726567656e65726174657c693a313435393934313235333b6964656e746974797c733a383a226176656e69726572223b757365726e616d657c733a383a226176656e69726572223b656d61696c7c733a31393a226176656e69722e726f40676d61696c2e636f6d223b757365725f69647c733a313a2235223b6f6c645f6c6173745f6c6f67696e7c733a31303a2231343539383337343138223b67726176617461727c733a33323a223930646166373538653030653332376434316333666536616364353338633031223b706f7374616c7c613a303a7b7d),
('25c56f0842384196368908324f697a852ec3206b', '::1', 1459941778, 0x5f5f63695f6c6173745f726567656e65726174657c693a313435393934313737373b6964656e746974797c733a383a226176656e69726572223b757365726e616d657c733a383a226176656e69726572223b656d61696c7c733a31393a226176656e69722e726f40676d61696c2e636f6d223b757365725f69647c733a313a2235223b6f6c645f6c6173745f6c6f67696e7c733a31303a2231343539383337343138223b67726176617461727c733a33323a223930646166373538653030653332376434316333666536616364353338633031223b706f7374616c7c613a303a7b7d),
('719e7a0b8964b0f27acc87528f924d2b31c47941', '::1', 1459942117, 0x5f5f63695f6c6173745f726567656e65726174657c693a313435393934323131373b6964656e746974797c733a383a226176656e69726572223b757365726e616d657c733a383a226176656e69726572223b656d61696c7c733a31393a226176656e69722e726f40676d61696c2e636f6d223b757365725f69647c733a313a2235223b6f6c645f6c6173745f6c6f67696e7c733a31303a2231343539383337343138223b67726176617461727c733a33323a223930646166373538653030653332376434316333666536616364353338633031223b706f7374616c7c613a303a7b7d),
('0a5674ec072391908bfd547ac7b5ee7bdac3b4b5', '::1', 1459942778, 0x5f5f63695f6c6173745f726567656e65726174657c693a313435393934323737383b6964656e746974797c733a383a226176656e69726572223b757365726e616d657c733a383a226176656e69726572223b656d61696c7c733a31393a226176656e69722e726f40676d61696c2e636f6d223b757365725f69647c733a313a2235223b6f6c645f6c6173745f6c6f67696e7c733a31303a2231343539383337343138223b67726176617461727c733a33323a223930646166373538653030653332376434316333666536616364353338633031223b706f7374616c7c613a303a7b7d),
('d0f523991b8946a6f7ce5280fcb633a85c3fefbc', '::1', 1459942447, 0x5f5f63695f6c6173745f726567656e65726174657c693a313435393934323434363b6964656e746974797c733a383a226176656e69726572223b757365726e616d657c733a383a226176656e69726572223b656d61696c7c733a31393a226176656e69722e726f40676d61696c2e636f6d223b757365725f69647c733a313a2235223b6f6c645f6c6173745f6c6f67696e7c733a31303a2231343539383337343138223b67726176617461727c733a33323a223930646166373538653030653332376434316333666536616364353338633031223b706f7374616c7c613a303a7b7d),
('77e0abdc534a9e6f0802ae3d9e569aae80e10dbf', '::1', 1459943427, 0x5f5f63695f6c6173745f726567656e65726174657c693a313435393934333432373b6964656e746974797c733a383a226176656e69726572223b757365726e616d657c733a383a226176656e69726572223b656d61696c7c733a31393a226176656e69722e726f40676d61696c2e636f6d223b757365725f69647c733a313a2235223b6f6c645f6c6173745f6c6f67696e7c733a31303a2231343539383337343138223b67726176617461727c733a33323a223930646166373538653030653332376434316333666536616364353338633031223b706f7374616c7c613a303a7b7d),
('9afc64d8937e1d56bfd5b954a5f316918a543e01', '::1', 1459943765, 0x5f5f63695f6c6173745f726567656e65726174657c693a313435393934333736353b6964656e746974797c733a383a226176656e69726572223b757365726e616d657c733a383a226176656e69726572223b656d61696c7c733a31393a226176656e69722e726f40676d61696c2e636f6d223b757365725f69647c733a313a2235223b6f6c645f6c6173745f6c6f67696e7c733a31303a2231343539383337343138223b67726176617461727c733a33323a223930646166373538653030653332376434316333666536616364353338633031223b706f7374616c7c613a303a7b7d),
('8a1ff8555ba36cc8093b08743e80f2a7c19fa403', '::1', 1459944088, 0x5f5f63695f6c6173745f726567656e65726174657c693a313435393934343038383b6964656e746974797c733a383a226176656e69726572223b757365726e616d657c733a383a226176656e69726572223b656d61696c7c733a31393a226176656e69722e726f40676d61696c2e636f6d223b757365725f69647c733a313a2235223b6f6c645f6c6173745f6c6f67696e7c733a31303a2231343539383337343138223b67726176617461727c733a33323a223930646166373538653030653332376434316333666536616364353338633031223b706f7374616c7c613a303a7b7d),
('20b4474077315a2fafef1d48fbcfc7272a3c0164', '::1', 1459944544, 0x5f5f63695f6c6173745f726567656e65726174657c693a313435393934343534343b6964656e746974797c733a383a226176656e69726572223b757365726e616d657c733a383a226176656e69726572223b656d61696c7c733a31393a226176656e69722e726f40676d61696c2e636f6d223b757365725f69647c733a313a2235223b6f6c645f6c6173745f6c6f67696e7c733a31303a2231343539383337343138223b67726176617461727c733a33323a223930646166373538653030653332376434316333666536616364353338633031223b706f7374616c7c613a303a7b7d),
('d9bdabe1408aae5d318ebebd174e0773de06471b', '::1', 1459944976, 0x5f5f63695f6c6173745f726567656e65726174657c693a313435393934343937363b6964656e746974797c733a383a226176656e69726572223b757365726e616d657c733a383a226176656e69726572223b656d61696c7c733a31393a226176656e69722e726f40676d61696c2e636f6d223b757365725f69647c733a313a2235223b6f6c645f6c6173745f6c6f67696e7c733a31303a2231343539383337343138223b67726176617461727c733a33323a223930646166373538653030653332376434316333666536616364353338633031223b706f7374616c7c613a303a7b7d),
('eb8cd03f71886d17755696556bc177b689bcd647', '::1', 1459945333, 0x5f5f63695f6c6173745f726567656e65726174657c693a313435393934353333333b6964656e746974797c733a383a226176656e69726572223b757365726e616d657c733a383a226176656e69726572223b656d61696c7c733a31393a226176656e69722e726f40676d61696c2e636f6d223b757365725f69647c733a313a2235223b6f6c645f6c6173745f6c6f67696e7c733a31303a2231343539383337343138223b67726176617461727c733a33323a223930646166373538653030653332376434316333666536616364353338633031223b706f7374616c7c613a303a7b7d),
('1270277cca3b4730de71a799f4603225b56a045f', '::1', 1459947551, 0x5f5f63695f6c6173745f726567656e65726174657c693a313435393934373535313b6964656e746974797c733a383a226176656e69726572223b757365726e616d657c733a383a226176656e69726572223b656d61696c7c733a31393a226176656e69722e726f40676d61696c2e636f6d223b757365725f69647c733a313a2235223b6f6c645f6c6173745f6c6f67696e7c733a31303a2231343539383337343138223b67726176617461727c733a33323a223930646166373538653030653332376434316333666536616364353338633031223b706f7374616c7c613a303a7b7d),
('b9cf391b62e188799179828681327c3a05368d7b', '::1', 1459947926, 0x5f5f63695f6c6173745f726567656e65726174657c693a313435393934373932363b6964656e746974797c733a383a226176656e69726572223b757365726e616d657c733a383a226176656e69726572223b656d61696c7c733a31393a226176656e69722e726f40676d61696c2e636f6d223b757365725f69647c733a313a2235223b6f6c645f6c6173745f6c6f67696e7c733a31303a2231343539383337343138223b67726176617461727c733a33323a223930646166373538653030653332376434316333666536616364353338633031223b706f7374616c7c613a303a7b7d),
('5ca67d3ceb28e9ef708aec11fe8aecb97bf731b3', '::1', 1459948268, 0x5f5f63695f6c6173745f726567656e65726174657c693a313435393934383236383b6964656e746974797c733a383a226176656e69726572223b757365726e616d657c733a383a226176656e69726572223b656d61696c7c733a31393a226176656e69722e726f40676d61696c2e636f6d223b757365725f69647c733a313a2235223b6f6c645f6c6173745f6c6f67696e7c733a31303a2231343539383337343138223b67726176617461727c733a33323a223930646166373538653030653332376434316333666536616364353338633031223b706f7374616c7c613a303a7b7d),
('bf9922cdfa0655ba5d9a8f5e8d83c357c63258a4', '::1', 1459948574, 0x5f5f63695f6c6173745f726567656e65726174657c693a313435393934383537343b6964656e746974797c733a383a226176656e69726572223b757365726e616d657c733a383a226176656e69726572223b656d61696c7c733a31393a226176656e69722e726f40676d61696c2e636f6d223b757365725f69647c733a313a2235223b6f6c645f6c6173745f6c6f67696e7c733a31303a2231343539383337343138223b67726176617461727c733a33323a223930646166373538653030653332376434316333666536616364353338633031223b706f7374616c7c613a303a7b7d),
('e3d832cc9e1a30ff8c317a6c0de75acb2740bd74', '::1', 1459950228, 0x5f5f63695f6c6173745f726567656e65726174657c693a313435393935303232383b6964656e746974797c733a383a226176656e69726572223b757365726e616d657c733a383a226176656e69726572223b656d61696c7c733a31393a226176656e69722e726f40676d61696c2e636f6d223b757365725f69647c733a313a2235223b6f6c645f6c6173745f6c6f67696e7c733a31303a2231343539383337343138223b67726176617461727c733a33323a223930646166373538653030653332376434316333666536616364353338633031223b706f7374616c7c613a303a7b7d),
('1e1605ecb9fe4e371ec45582919034130fe33b5f', '::1', 1459950572, 0x5f5f63695f6c6173745f726567656e65726174657c693a313435393935303537323b6964656e746974797c733a383a226176656e69726572223b757365726e616d657c733a383a226176656e69726572223b656d61696c7c733a31393a226176656e69722e726f40676d61696c2e636f6d223b757365725f69647c733a313a2235223b6f6c645f6c6173745f6c6f67696e7c733a31303a2231343539383337343138223b67726176617461727c733a33323a223930646166373538653030653332376434316333666536616364353338633031223b706f7374616c7c613a303a7b7d),
('2dc31a70b81830f7a7934d26cae1b4d71769aa6d', '::1', 1459950894, 0x5f5f63695f6c6173745f726567656e65726174657c693a313435393935303839343b6964656e746974797c733a383a226176656e69726572223b757365726e616d657c733a383a226176656e69726572223b656d61696c7c733a31393a226176656e69722e726f40676d61696c2e636f6d223b757365725f69647c733a313a2235223b6f6c645f6c6173745f6c6f67696e7c733a31303a2231343539383337343138223b67726176617461727c733a33323a223930646166373538653030653332376434316333666536616364353338633031223b706f7374616c7c613a303a7b7d),
('de86ed2048cbba946c574e11d6a7eb519f5478a9', '::1', 1459952943, 0x5f5f63695f6c6173745f726567656e65726174657c693a313435393935303839343b6964656e746974797c733a383a226176656e69726572223b757365726e616d657c733a383a226176656e69726572223b656d61696c7c733a31393a226176656e69722e726f40676d61696c2e636f6d223b757365725f69647c733a313a2235223b6f6c645f6c6173745f6c6f67696e7c733a31303a2231343539383337343138223b67726176617461727c733a33323a223930646166373538653030653332376434316333666536616364353338633031223b706f7374616c7c613a303a7b7d);

-- --------------------------------------------------------

--
-- Table structure for table `groups`
--

CREATE TABLE `groups` (
  `id` mediumint(8) unsigned NOT NULL,
  `name` varchar(20) NOT NULL,
  `description` varchar(100) NOT NULL
) ENGINE=InnoDB AUTO_INCREMENT=3 DEFAULT CHARSET=utf8;

--
-- Dumping data for table `groups`
--

INSERT INTO `groups` (`id`, `name`, `description`) VALUES
(1, 'admin', 'Administrator'),
(2, 'members', 'General User');

-- --------------------------------------------------------

--
-- Table structure for table `login_attempts`
--

CREATE TABLE `login_attempts` (
  `id` int(11) unsigned NOT NULL,
  `ip_address` varchar(15) NOT NULL,
  `login` varchar(100) NOT NULL,
  `time` int(11) unsigned DEFAULT NULL
) ENGINE=InnoDB DEFAULT CHARSET=utf8;

-- --------------------------------------------------------

--
-- Table structure for table `projects`
--

CREATE TABLE `projects` (
  `id` int(10) unsigned NOT NULL,
  `user_id` int(10) unsigned NOT NULL,
  `title` varchar(255) NOT NULL,
  `finished` tinyint(4) NOT NULL DEFAULT '0',
  `created_at` datetime DEFAULT NULL,
  `created_by` int(10) unsigned DEFAULT NULL,
  `updated_at` datetime DEFAULT NULL,
  `updated_by` int(10) unsigned DEFAULT NULL,
  `deleted_at` datetime DEFAULT NULL,
  `deleted_by` int(10) unsigned DEFAULT NULL
) ENGINE=InnoDB AUTO_INCREMENT=4 DEFAULT CHARSET=utf8;

--
-- Dumping data for table `projects`
--

INSERT INTO `projects` (`id`, `user_id`, `title`, `finished`, `created_at`, `created_by`, `updated_at`, `updated_by`, `deleted_at`, `deleted_by`) VALUES
(1, 5, 'test project', 0, '2016-03-29 15:50:48', 5, '2016-04-06 17:29:03', 5, NULL, NULL),
(2, 5, 'One project', 0, '2016-04-04 11:40:54', 5, '2016-04-06 12:42:50', 5, NULL, NULL),
(3, 5, 'Certarchive', 0, '2016-04-05 13:05:27', 5, '2016-04-06 10:01:53', 5, NULL, NULL);

-- --------------------------------------------------------

--
-- Table structure for table `rat`
--

CREATE TABLE `rat` (
  `id` int(11) NOT NULL,
  `user_id` int(11) DEFAULT NULL,
  `date_time` datetime DEFAULT NULL,
  `code` int(11) DEFAULT NULL,
  `message` varchar(255) DEFAULT NULL
) ENGINE=InnoDB AUTO_INCREMENT=21 DEFAULT CHARSET=utf8;

--
-- Dumping data for table `rat`
--

INSERT INTO `rat` (`id`, `user_id`, `date_time`, `code`, `message`) VALUES
(1, 1, '2015-11-06 13:47:34', 1, 'User logged out'),
(2, 1, '2015-11-06 13:47:38', 1, 'User logged in'),
(3, 1, '2016-03-29 13:54:53', 1, 'User logged out'),
(4, 0, '2016-03-29 13:54:55', 1, 'User logged out'),
(5, 1, '2016-03-29 13:58:10', 1, 'User logged in'),
(6, 1, '2016-03-29 13:59:12', 1, 'User logged in'),
(7, 1, '2016-03-29 14:08:08', 1, 'User logged out'),
(8, 0, '2016-03-29 14:09:27', 1, 'User logged out'),
(9, 5, '2016-03-29 14:13:14', 1, 'User logged in'),
(10, 5, '2016-03-29 14:44:56', 1, 'User logged out'),
(11, 1, '2016-03-29 14:45:02', 1, 'User logged in'),
(12, 1, '2016-03-29 15:19:36', 1, 'User logged out'),
(13, 5, '2016-03-29 15:19:43', 1, 'User logged in'),
(14, 5, '2016-03-30 09:26:33', 1, 'User logged in'),
(15, 5, '2016-03-30 16:51:06', 1, 'User logged in'),
(16, 5, '2016-03-31 09:57:47', 1, 'User logged in'),
(17, 5, '2016-04-01 10:38:18', 1, 'User logged in'),
(18, 5, '2016-04-04 09:23:15', 1, 'User logged in'),
(19, 5, '2016-04-05 09:23:38', 1, 'User logged in'),
(20, 5, '2016-04-06 09:33:07', 1, 'User logged in');

-- --------------------------------------------------------

--
-- Table structure for table `tasks`
--

CREATE TABLE `tasks` (
  `id` int(10) unsigned NOT NULL,
  `project_id` int(10) unsigned NOT NULL,
  `user_id` int(10) unsigned NOT NULL,
  `title` varchar(255) NOT NULL,
  `details` longtext,
  `ect` int(10) unsigned NOT NULL,
  `status` tinyint(3) unsigned NOT NULL DEFAULT '0',
  `closed` tinyint(1) unsigned NOT NULL DEFAULT '0',
  `time_spent` int(10) unsigned NOT NULL,
  `created_at` datetime DEFAULT NULL,
  `created_by` int(10) unsigned DEFAULT NULL,
  `updated_at` datetime DEFAULT NULL,
  `updated_by` int(10) unsigned DEFAULT NULL,
  `deleted_at` datetime DEFAULT NULL,
  `deleted_by` int(10) unsigned DEFAULT NULL
) ENGINE=InnoDB AUTO_INCREMENT=10 DEFAULT CHARSET=utf8;

--
-- Dumping data for table `tasks`
--

INSERT INTO `tasks` (`id`, `project_id`, `user_id`, `title`, `details`, `ect`, `status`, `closed`, `time_spent`, `created_at`, `created_by`, `updated_at`, `updated_by`, `deleted_at`, `deleted_by`) VALUES
(1, 1, 5, 'test the first task', NULL, 86752, 0, 0, 6450, '2016-03-30 10:27:17', 5, '2016-04-06 17:29:03', 5, NULL, NULL),
(2, 1, 5, 'Another task', NULL, 0, 0, 0, 2877, '2016-03-30 17:18:31', 5, '2016-04-06 16:50:07', 5, NULL, NULL),
(3, 1, 5, 'One more task... just in case...', 'test the details...', 9000, 30, 0, 252, '2016-04-01 10:59:01', 5, '2016-04-05 16:22:14', 5, NULL, NULL),
(4, 2, 5, 'test', 'dafea dafe aefdafe adafgeaw\r\ndfaeawfea\r\nD,MFKAEMFO\r\nFMDLKEAMWF DFAEL', 7200, 50, 0, 430, '2016-04-04 12:10:39', 5, '2016-04-05 16:32:39', 5, NULL, NULL),
(5, 3, 5, 'footerul sa mearga pana in jos, daca contentul este mai mic decat fereastra', 'Din pacate nu am cum sa verific... trebuie sa caut o pagina indeajuns de mica care sa incapa pe monitorul meu. Sunt prea multe div-uri cu position absolute... o sa imi ia ceva timp...', 0, 20, 0, 222, '2016-04-05 13:05:51', 5, '2016-04-06 10:01:53', 5, NULL, NULL),
(6, 3, 5, 'la ul sa nu fie identare doar la prima linie...', '', 0, 100, 0, 289, '2016-04-05 13:06:14', 5, '2016-04-05 13:38:27', 5, NULL, NULL),
(7, 3, 5, 'modificare http catre https', '', 0, 100, 0, 1058, '2016-04-05 13:15:50', 5, '2016-04-05 14:16:49', 5, NULL, NULL),
(8, 1, 5, 'Another task this time from projects add task', 'test me', 439500, 100, 1, 2, '2016-04-06 12:42:12', 5, '2016-04-06 14:29:51', 5, NULL, NULL),
(9, 2, 5, 'a test task from add task in projects', 'test', 14400, 0, 0, 0, '2016-04-06 12:42:50', 5, NULL, 5, NULL, NULL);

-- --------------------------------------------------------

--
-- Table structure for table `task_histories`
--

CREATE TABLE `task_histories` (
  `id` int(11) unsigned NOT NULL,
  `task_id` int(11) unsigned NOT NULL,
  `user_id` int(10) unsigned NOT NULL,
  `comment` longtext,
  `created_at` datetime DEFAULT NULL,
  `created_by` int(10) unsigned DEFAULT NULL,
  `updated_at` datetime DEFAULT NULL,
  `updated_by` int(10) unsigned DEFAULT NULL,
  `deleted_at` datetime DEFAULT NULL,
  `deleted_by` int(10) unsigned DEFAULT NULL,
  `status` tinyint(3) unsigned DEFAULT NULL,
  `time_spent` int(11) unsigned DEFAULT NULL
) ENGINE=InnoDB AUTO_INCREMENT=10 DEFAULT CHARSET=utf8;

--
-- Dumping data for table `task_histories`
--

INSERT INTO `task_histories` (`id`, `task_id`, `user_id`, `comment`, `created_at`, `created_by`, `updated_at`, `updated_by`, `deleted_at`, `deleted_by`, `status`, `time_spent`) VALUES
(1, 1, 5, 'A BIG COMMENT ABOUT NOTHING...', NULL, NULL, NULL, NULL, NULL, NULL, NULL, NULL),
(2, 2, 5, 'a comment', '2016-04-06 16:43:56', 5, NULL, 5, NULL, NULL, 0, 2627),
(3, 2, 5, 'one more comment...', '2016-04-06 16:45:17', 5, NULL, 5, NULL, NULL, 0, 2704),
(4, 2, 5, 'test', '2016-04-06 16:46:24', 5, NULL, 5, NULL, NULL, 0, 2765),
(5, 2, 5, 'test again', '2016-04-06 16:47:29', 5, NULL, 5, NULL, NULL, 0, 2826),
(6, 1, 5, 'one comment', '2016-04-06 16:48:25', 5, NULL, 5, NULL, NULL, 0, 4048),
(7, 1, 5, '`dsavewv', '2016-04-06 16:54:40', 5, NULL, 5, NULL, NULL, 0, 4396),
(8, 1, 5, 'fdfeewag', '2016-04-06 16:56:26', 5, NULL, 5, NULL, NULL, 0, 4498),
(9, 1, 5, 'test', '2016-04-06 17:05:43', 5, NULL, 5, NULL, NULL, 0, 5051);

-- --------------------------------------------------------

--
-- Table structure for table `users`
--

CREATE TABLE `users` (
  `id` int(11) unsigned NOT NULL,
  `ip_address` varchar(15) NOT NULL,
  `username` varchar(100) NOT NULL,
  `password` varchar(255) NOT NULL,
  `salt` varchar(255) DEFAULT NULL,
  `email` varchar(100) NOT NULL,
  `activation_code` varchar(40) DEFAULT NULL,
  `forgotten_password_code` varchar(40) DEFAULT NULL,
  `forgotten_password_time` int(11) unsigned DEFAULT NULL,
  `remember_code` varchar(40) DEFAULT NULL,
  `created_on` int(11) unsigned NOT NULL,
  `last_login` int(11) unsigned DEFAULT NULL,
  `active` tinyint(1) unsigned DEFAULT NULL,
  `first_name` varchar(50) DEFAULT NULL,
  `last_name` varchar(50) DEFAULT NULL,
  `company` varchar(200) NOT NULL,
  `phone` varchar(20) NOT NULL
) ENGINE=InnoDB AUTO_INCREMENT=6 DEFAULT CHARSET=utf8;

--
-- Dumping data for table `users`
--

INSERT INTO `users` (`id`, `ip_address`, `username`, `password`, `salt`, `email`, `activation_code`, `forgotten_password_code`, `forgotten_password_time`, `remember_code`, `created_on`, `last_login`, `active`, `first_name`, `last_name`, `company`, `phone`) VALUES
(1, '127.0.0.1', 'administrator', '$2a$07$SeBknntpZror9uyftVopmu61qg0ms8Qv1yV6FG.kQOSM.9QhmTo36', '', 'admin@admin.com', '', NULL, NULL, 'gtbuLmffMbIAevpNfUYwfe', 1268889823, 1459251902, 1, 'Admin', 'istrator', '', ''),
(5, '::1', 'avenirer', '$2y$08$.nNaACp4v4Bx1K733O5.OuMk2z02rWrHWFKsVXADQiH9BCkHI46rG', NULL, 'avenir.ro@gmail.com', NULL, NULL, NULL, NULL, 1459249622, 1459924387, 1, 'Adrian', 'Voicu', 'uti', '');

-- --------------------------------------------------------

--
-- Table structure for table `users_groups`
--

CREATE TABLE `users_groups` (
  `id` int(11) unsigned NOT NULL,
  `user_id` int(11) unsigned NOT NULL,
  `group_id` mediumint(8) unsigned NOT NULL
) ENGINE=InnoDB AUTO_INCREMENT=12 DEFAULT CHARSET=utf8;

--
-- Dumping data for table `users_groups`
--

INSERT INTO `users_groups` (`id`, `user_id`, `group_id`) VALUES
(1, 1, 1),
(2, 1, 2),
(11, 5, 2);

-- --------------------------------------------------------

--
-- Table structure for table `website`
--

CREATE TABLE `website` (
  `title` varchar(255) NOT NULL,
  `page_title` varchar(255) NOT NULL,
  `status` tinyint(1) NOT NULL DEFAULT '0',
  `admin_email` varchar(200) NOT NULL,
  `contact_email` varchar(200) NOT NULL,
  `modified_by` varchar(200) NOT NULL
) ENGINE=MyISAM DEFAULT CHARSET=utf8;

--
-- Dumping data for table `website`
--

INSERT INTO `website` (`title`, `page_title`, `status`, `admin_email`, `contact_email`, `modified_by`) VALUES
('Tusker', 'Tusker', 1, 'avenir.ro@gmail.com', 'avenir.ro@gmail.com', ''),
('Tusker', 'Tusker', 1, 'avenir.ro@gmail.com', 'avenir.ro@gmail.com', '');

--
-- Indexes for dumped tables
--

--
-- Indexes for table `banned`
--
ALTER TABLE `banned`
  ADD PRIMARY KEY (`id`);

--
-- Indexes for table `ci_sessions`
--
ALTER TABLE `ci_sessions`
  ADD KEY `ci_sessions_timestamp` (`timestamp`);

--
-- Indexes for table `groups`
--
ALTER TABLE `groups`
  ADD PRIMARY KEY (`id`);

--
-- Indexes for table `login_attempts`
--
ALTER TABLE `login_attempts`
  ADD PRIMARY KEY (`id`);

--
-- Indexes for table `projects`
--
ALTER TABLE `projects`
  ADD PRIMARY KEY (`id`);

--
-- Indexes for table `rat`
--
ALTER TABLE `rat`
  ADD PRIMARY KEY (`id`);

--
-- Indexes for table `tasks`
--
ALTER TABLE `tasks`
  ADD PRIMARY KEY (`id`);

--
-- Indexes for table `task_histories`
--
ALTER TABLE `task_histories`
  ADD PRIMARY KEY (`id`);

--
-- Indexes for table `users`
--
ALTER TABLE `users`
  ADD PRIMARY KEY (`id`);

--
-- Indexes for table `users_groups`
--
ALTER TABLE `users_groups`
  ADD PRIMARY KEY (`id`),
  ADD UNIQUE KEY `uc_users_groups` (`user_id`,`group_id`),
  ADD KEY `fk_users_groups_users1_idx` (`user_id`),
  ADD KEY `fk_users_groups_groups1_idx` (`group_id`);

--
-- AUTO_INCREMENT for dumped tables
--

--
-- AUTO_INCREMENT for table `banned`
--
ALTER TABLE `banned`
  MODIFY `id` int(11) NOT NULL AUTO_INCREMENT,AUTO_INCREMENT=8;
--
-- AUTO_INCREMENT for table `groups`
--
ALTER TABLE `groups`
  MODIFY `id` mediumint(8) unsigned NOT NULL AUTO_INCREMENT,AUTO_INCREMENT=3;
--
-- AUTO_INCREMENT for table `login_attempts`
--
ALTER TABLE `login_attempts`
  MODIFY `id` int(11) unsigned NOT NULL AUTO_INCREMENT;
--
-- AUTO_INCREMENT for table `projects`
--
ALTER TABLE `projects`
  MODIFY `id` int(10) unsigned NOT NULL AUTO_INCREMENT,AUTO_INCREMENT=4;
--
-- AUTO_INCREMENT for table `rat`
--
ALTER TABLE `rat`
  MODIFY `id` int(11) NOT NULL AUTO_INCREMENT,AUTO_INCREMENT=21;
--
-- AUTO_INCREMENT for table `tasks`
--
ALTER TABLE `tasks`
  MODIFY `id` int(10) unsigned NOT NULL AUTO_INCREMENT,AUTO_INCREMENT=10;
--
-- AUTO_INCREMENT for table `task_histories`
--
ALTER TABLE `task_histories`
  MODIFY `id` int(11) unsigned NOT NULL AUTO_INCREMENT,AUTO_INCREMENT=10;
--
-- AUTO_INCREMENT for table `users`
--
ALTER TABLE `users`
  MODIFY `id` int(11) unsigned NOT NULL AUTO_INCREMENT,AUTO_INCREMENT=6;
--
-- AUTO_INCREMENT for table `users_groups`
--
ALTER TABLE `users_groups`
  MODIFY `id` int(11) unsigned NOT NULL AUTO_INCREMENT,AUTO_INCREMENT=12;
--
-- Constraints for dumped tables
--

--
-- Constraints for table `users_groups`
--
ALTER TABLE `users_groups`
  ADD CONSTRAINT `fk_users_groups_groups1` FOREIGN KEY (`group_id`) REFERENCES `groups` (`id`) ON DELETE CASCADE ON UPDATE NO ACTION,
  ADD CONSTRAINT `fk_users_groups_users1` FOREIGN KEY (`user_id`) REFERENCES `users` (`id`) ON DELETE CASCADE ON UPDATE NO ACTION;

/*!40101 SET CHARACTER_SET_CLIENT=@OLD_CHARACTER_SET_CLIENT */;
/*!40101 SET CHARACTER_SET_RESULTS=@OLD_CHARACTER_SET_RESULTS */;
/*!40101 SET COLLATION_CONNECTION=@OLD_COLLATION_CONNECTION */;
